fecha,hora_ar,ruta,producto,precio,moneda,tiempo_promedio_min,distancia_promedio_km
2026-10-08,11:17,CABA-EZE,Promedio de la ruta,32972,ARS,45,
2026-10-08,11:17,CABA-EZE,UberX,34172,ARS,45,
2026-10-08,11:17,CABA-EZE,Comfort,44646,ARS,45,
2026-10-08,11:17,CABA-EZE,Bags,42956,ARS,45,
2026-10-08,11:17,CABA-EZE,Priority,38146,ARS,45,
2026-10-08,11:17,CABA-EZE,Black,59908,ARS,45,
2026-10-08,11:17,CABA-EZE,Wait & Save,32545,ARS,45,
2026-10-08,11:17,CABA-EZE,Uber Mujeres,32649,ARS,45,
2026-10-08,11:17,CABA-EZE,Juntos,25774,ARS,45,
2026-10-08,11:17,CABA-EZE,Courier,33643,ARS,45,
2026-10-08,11:17,CABA-EZE,Taxi,41158,ARS,45,
